금정,서울특별시 담훈강군   지홍환동 949 437-675
현환휘,인천광역시 규준시 솔승엽시 1462 3-1 (449-926)
묘선아,서울특별시 정미균구 미태선거리 0 (863-003)
영구정,강원도 기완군   아림동 946 406-620
차익,광주광역시 균웅군   균양동 8 660-377
궉지강,서울특별시 힘효시 엽은욱동 084 (144-077)
준솔강,전라남도 건효군 영범종거리 463 669-5 (729-039)
해후은,서울특별시 준향마을 현영솔거리 493 704동 289호 (480-350)
권미비,부산광역시 미남구 노수환로 367 4-4 (399-031)
삼미,강원도 완람마을   덕명휘동 3 196-942
송혜,전라남도 욱림마을   수명형거리 4 726 205-520
부세,충청남도 슬진구 람명완동 8 39-9 (379-447)
원진온,울산광역시 동방원열시   다강지동 955 907동 999호 494-812
소봉슬하,제주특별자치도 엽성주구 혜무진로 0 (543-425)
신찬금,경기도 상람마을   솔세위마을 7 603-801
주안비,전라남도 명철려시   힘림동 2 128-9 864-213
하위,부산광역시 장곡성해시   건한주동 9 064동 955호 780-782
증련협,전라북도 제선주구 구향위동 0 (992-903)
정석,강원도 기솔구   현균진동 6 965-766
흥은미,서울특별시 묵리황구   우균동 6819 41-5 187-122
기힘,부산광역시 관광마을   어도태거리 7 011동 109호 347-895
유금,대구광역시 구준시   미대무거리 8946 230-334
판대엽,제주특별자치도 광수구   한힘현시 6 219-767
아종두,대구광역시 우훈시 권란근로 8 6-5 (301-835)
허병,세종특별자치시 미광시   맹란덕로 668 88-6 563-705
진찬,부산광역시 민균구   손호란로 470 511-975
요균병,세종특별자치시 우위철군   정덕아동 469 7-8 695-908
강용,부산광역시 준한균마을 인병혁구 5506 (311-864)
신도,전라남도 권태구 정호혜동 7 6-5 (787-262)
만세진,대구광역시 엽향시 해재대군 8127 (776-499)
탁형,제주특별자치도 복광진군   남궁주무로 5023 176-766
강미림,전라남도 다기마을 억태효시 523 7-1 (762-104)
근혜금,인천광역시 용윤마을   어영기로 3484 035-666
윤현,경상남도 주억마을 남온동 2 386동 907호 (064-690)
모엽,경상북도 조관경군 힘홍세구 4874 (560-178)
신온재,충청북도 철해군   형두찬로 0277 427-843
현재,서울특별시 장세양마을   휘진규군 0 601-3 615-666
범림,세종특별자치시 태가마을 화아위동 489 988 (950-845)
위남,인천광역시 망절영별군   창권수동 901 901-405
조해,광주광역시 문려억시 우황송거리 4 (936-520)
함환동,전라남도 장곡안철마을   별영거리 3 262-650
공보균,대전광역시 열인군 정익동 6052 16-7 (613-228)
공솔훈,제주특별자치도 망절명두마을 여리호동 0475 (469-230)
자려원,전라북도 배석건시 힘구철마을 8 (987-288)
어도,경상남도 계후창시 익균두군 3416 (752-567)
승명정,경상북도 해권별군 용우동 2 137-3 (543-664)
제갈익석,경기도 열상군 예금석마을 9 240동 443호 (660-861)
구휘,전라북도 망절의슬마을 해지동 6398 (946-232)
설경상,부산광역시 온동구   선동상시 052 282-497
엄종,경기도 덕통시   민란거리 5966 127-8 532-492
함황경,전라남도 오련완마을   상순동 456 364-148
명우권,광주광역시 점철태마을 홍예솔마을 1003 254-4 (385-124)
계웅,경상북도 야힘힘군 엽유광거리 672 983동 604호 (297-730)
방황,경기도 리송시   망절림홍로 448 311-870
점무산,인천광역시 경람시   별형해로 126 141-210
맹송세,광주광역시 효권구   위우동 5 734-891
손산동,강원도 대철시 변유정거리 042 (529-842)
염송란,광주광역시 함진인시   두찬동 574 295-040
망절의,경기도 희원구 명보동 6872 (839-711)
정한근,광주광역시 예엽구 려구로 6 (509-380)
명관,서울특별시 정건민구   람려원로 6260 602-437
사공세예,전라북도 선열군   윤안로 0 852-251
매슬인,울산광역시 소화진시   홍별웅로 7 670-748
낭엽건,제주특별자치도 산아시   근한거리 5188 326-1 734-934
공려,제주특별자치도 지호온군 산수예구 7 12-4 (646-978)
어금완,부산광역시 열한시   세예균거리 7 047 310-361
전송,울산광역시 규힘마을   구향관구 9 37-5 458-727
신진미,광주광역시 대상군   비후태구 781 208-3 158-265
수대,대전광역시 노완석군   창금동 3 9-8 178-135
견동,충청남도 빈훈군 인광정동 7 293-3 (667-308)
구선유,전라북도 유온마을   종별거리 2407 095-7 089-924
기리,전라북도 윤지안군   슬원송마을 4 260-302
교진슬,부산광역시 별용마을 누다혁동 7806 668 (436-715)
견익후,제주특별자치도 장범균군   해려해구 8 91-4 414-940
신홍의,경기도 예호시 엄은향동 4 03-1 (138-313)
 반연훈,충청북도 방순규시 무근인시 9 (247-552)
군주창,광주광역시 진훈시 범강거리 354 (656-812)
전동,충청북도 환상구 관덕억동 2374 (097-845)
민효구,전라남도 연강군   홍세웅구 7 829-152
선우미,울산광역시 용별향군 리대동 5959 587 (619-887)
흥근,강원도 협호군 위가산구 005 (366-995)
묵덕,경기도 원준리시   용동웅동 629 013동 656호 435-060
구훈,서울특별시 산규구   양송남동 3 76-4 613-448
안온남,광주광역시 근아시   열솔란군 922 0-0 839-213
추지용,부산광역시 유종용마을 인송거리 953 696-4 (574-492)
영구웅,광주광역시 송혁마을   묵권림동 3705 037 309-509
허종은,경기도 힘관시 후힘열동 2 (362-878)
빙동구,경기도 소환군   억두거리 984 686동 443호 476-027
추준,충청북도 대비구   별경동 7720 5-9 528-601
야구,경상북도 조환통군 건강무동 382 399 (868-792)
 반환두,전라남도 려란시   옥림완동 8 666동 851호 137-155
유동,경상북도 요란근군   기슬빈시 9363 766-215
근강,서울특별시 경규도군 순병규로 7117 (467-993)
양한병,경상남도 성무남군 현성준시 222 (143-014)
정의,부산광역시 진홍관구 효상용시 8073 10-2 (071-567)
환경협,전라북도 빈연마을   리송금거리 6 1-9 101-148
선우권아,제주특별자치도 종아욱군   원통동 261 888-0 595-999
어금주,서울특별시 광산군 연준로 2 468동 191호 (802-555)
엽호지,전라남도 담인기구 지려창군 1957 411동 000호 (507-537)
교별억,서울특별시 용훈마을   욱안거리 0115 703-957
양안,세종특별자치시 효석구   빈훈거리 0142 872-931
사양,충청북도 인람시   강전안웅거리 2586 024-823
기란윤,경상남도 억유마을   병건로 9 893-137
신미예,경상북도 황보홍환시   정비동 4919 91-0 211-932
흥림희,충청남도 아기구   노규억로 1 766-349
견현,세종특별자치시 노연보구 범창성군 6 592-2 (970-314)
편영람,울산광역시 견온병시   위대연시 6543 618-575
저병,강원도 추영기군 영위종동 705 (767-414)
편림,대전광역시 슬후군   람화동 7 937-0 871-047
망절연,대구광역시 삼보무구   태석거리 9305 526-218
윤균,인천광역시 병향군   후억용거리 4184 3-4 058-915
조영,강원도 연용명군 효위로 6 81-8 (190-195)
한현예,대전광역시 구민환시 환원의마을 5 604 (192-540)
육미억,충청남도 종대남구 욱찬아마을 6799 (420-796)
아덕열,전라남도 황관영구   손통억동 6499 308-835
선억,인천광역시 위유남군   려훈향시 5615 35-6 141-375
변권세,인천광역시 한예마을   려정해로 6 032-755
김슬,대전광역시 송승군   람란동군 9 795-818
우보영,전라북도 강재태마을 금희영거리 7 921-5 (311-390)
제관,서울특별시 대영마을 즙효한거리 8 (712-082)
함석건,대전광역시 송효구 김홍권거리 8 (067-861)
용동화,세종특별자치시 범인군   려준화구 1 870동 132호 928-745
서후,충청북도 환성구   창성솔시 3 185동 285호 569-949
윤강,대구광역시 궉하창구   두병명동 2 406-025
황형,광주광역시 석원군 고보연동 3048 462 (028-315)
한도비,충청북도 권민양구 두황로 504 276-4 (446-641)
함빈,강원도 연규시   훈덕예거리 5 836-643
구도윤,부산광역시 현양솔구 순영로 671 (285-467)
임산,대전광역시 왕소가시   엽구동 327 97-0 544-333
민욱선,광주광역시 종향구 슬하로 5 088 (347-096)
저익종,제주특별자치도 야한지구   혁의덕마을 5 160-054
동방철,강원도 권석시   남환동시 0506 331-4 503-440
애안용,광주광역시 여호찬구 장곡현환동 135 (077-829)
심윤,서울특별시 여휘주군   돈빈욱거리 2973 876동 795호 582-030
궉솔,전라남도 권슬마을 양지기거리 868 667 (483-876)
위용,제주특별자치도 승솔태구   묵란승로 3365 876-797
동방규아,대구광역시 전란두군   솔미동 9446 117-269
류윤권,울산광역시 환협희시   순후동 4458 788-963
남권림,울산광역시 영황한시   효종거리 994 550-279
조윤,인천광역시 다온군 호화거리 3024 63-8 (625-762)
전성,경상남도 혁태군 안균경로 924 5-5 (103-858)
판솔도,부산광역시 낭규종시 환황거리 0501 9-3 (558-118)
남궁근혜,인천광역시 후홍상마을   최승온로 3 005 464-965
배철,전라남도 려완시 병화완마을 058 25-8 (240-937)
매의보,제주특별자치도 복호금마을 힘향거리 4 (133-410)
육힘,경기도 강해두군   우준동 0 352-348
기금송,충청남도 환의도마을   정철형동 8530 625-995
궉관,강원도 맹희우군   안권은군 4183 282-690
엄예,대구광역시 원혜구 예주균구 714 (923-729)
여홍인,강원도 빙열열시 란덕상시 844 276동 303호 (880-808)
백가산,대구광역시 요주익시 가가석구 6742 918-2 (999-947)
소봉엽,인천광역시 박성경구   제연솔거리 9 105-694
엽대의,제주특별자치도 황민구 태혁향거리 054 (393-234)
 반강,충청남도 산진시 안광금동 609 193동 519호 (528-254)
동방종,광주광역시 덕화군   세송혁로 6601 4-4 587-563
인억순,서울특별시 덕창마을   하현리로 3825 648-652
군억휘,부산광역시 광영시 현수태거리 9453 (146-013)
공힘형,서울특별시 승혜해군   홍규준로 1752 4-1 049-627
선우수,전라남도 용두진군   선광원동 0 9-1 210-205
어명,경기도 오향홍구 맹후빈로 114 (667-284)
위무황,인천광역시 나두동구 예병협동 9 0-2 (992-875)
야태,인천광역시 고준형군   모향금동 7931 841 393-484
윤익,대구광역시 묘윤기군   희세덕거리 168 879동 905호 289-456
도아,경상북도 하열구 마상힘로 1 (724-863)
곽영,인천광역시 슬용마을 익범도마을 652 (366-540)
묘솔아,충청북도 열수구   안림동 779 074-217
여보,전라북도 김상향마을 의민로 6 068 (064-220)
박수위,경상북도 욱희구   종선림거리 4877 098-087
망절훈위,경기도 의용시 한련화동 618 932 (059-964)
편규,서울특별시 신태강구   효경동 0760 071-141
염미,경상남도 웅건마을 규완광시 2 (207-822)
여준,제주특별자치도 슬무시 광남은동 3120 980-1 (822-850)
추주세,울산광역시 아관화마을   우산선구 473 479-3 951-605
군상,경상남도 형연구 범철인동 4 52-7 (162-956)
서위규,전라북도 소웅마을   훈송동 5 899-4 871-232
엄열,부산광역시 재비시   혁슬다마을 7713 9-2 181-313
권힘,대전광역시 염무란시   황송동 2316 403-011
추경다,세종특별자치시 두아마을 강미거리 833 (591-204)
안기,광주광역시 군황비구   영강혁시 5 250-099
고억,광주광역시 순규주군 산근근마을 774 (789-163)
제갈범,전라북도 범별마을   열보용군 3315 844-546
판란,인천광역시 안비시   리형거리 584 340-0 686-118
왕도,세종특별자치시 련광마을   두아거리 2 264-120
호려지,울산광역시 원별마을   주정혁거리 8 306-284
안강인,전라남도  반성보구   성익송동 832 43-3 506-793
진명,서울특별시 만우별군   호영욱마을 463 231-538
백리엽,강원도 승리승구 억근거리 969 63-9 (306-588)
아슬,경기도 준휘시   보협위로 8521 297-6 448-868
장소,제주특별자치도 여구선시   웅다태거리 0178 812-373
조종태,세종특별자치시 보협구   란건슬마을 7 27-7 446-196
남유림,대구광역시 형려시   욱남홍로 1171 588-329
장비람,충청북도 사공인홍마을   익열로 747 840-8 758-562
여휘,대구광역시 해권마을 리근가마을 4 (003-725)
배환석,세종특별자치시 연미권구 가힘대동 1 (626-532)
환순,부산광역시 호병지마을 모규진동 391 (272-363)
동방황하,경상북도 순송시 련두거리 7785 786동 276호 (883-566)
부가,부산광역시 노란후구   소범거리 543 161 898-210
조광호,인천광역시 제갈은엽시   옹효향동 8 144-604
애가강,강원도 필예송마을   동창아군 375 392-721
방원,충청남도 방종빈시 은두거리 8015 (836-715)
